﻿<?xml version="1.0" encoding="utf-8"?>
<?xml-stylesheet type="text/xsl" href="file:///C:/PROGRAM FILES (X86)/MICROSOFT VISUAL STUDIO 14.0/COMMON7/IDE/EXTENSIONS/MICROSOFT/ARCHITECTURE TOOLS/EXTENSIBILITY/Logging/CodeGenLog.xslt"?>
<Log xmlns="http://schemas.microsoft.com/VisualStudio/2010/CodeGen.RE.Log" Label="Code Generation/Text Transformation Log">
  <MessageClass Name="Message" Label="Message" Option="Show informational messages" />
  <MessageClass Name="Warning" Label="Warning" Option="Show warnings" />
  <MessageClass Name="Error" Label="Error" Option="Show errors" />
  <MessageClass Name="Property" Label="Property" Option="Show metadata" />
  <MessageClass Name="Diagnostic" Label="Message" Option="Show diagnostic messages" />
  <Message Timestamp="2017-04-07T09:46:40" Importance="High" Text="Code generation or text transformation started." />
  <Message Timestamp="2017-04-07T09:46:40" Importance="Diagnostic" Text="Name = EnumTemplate" />
  <Message Timestamp="2017-04-07T09:46:40" Importance="Diagnostic" Text="Overwrite = True" />
  <Message Timestamp="2017-04-07T09:46:40" Importance="Diagnostic" Text="ProjectPath = ..\Digital ClockLib\Digital ClockLib.csproj" />
  <Message Timestamp="2017-04-07T09:46:40" Importance="Diagnostic" Text="TargetDirectory = GeneratedCode\{PackageStructure}" />
  <Message Timestamp="2017-04-07T09:46:40" Importance="Diagnostic" Text="TargetName = {Name}" />
  <Message Timestamp="2017-04-07T09:46:40" Importance="Diagnostic" Text="TemplateFilePath = C:\PROGRAM FILES (X86)\MICROSOFT VISUAL STUDIO 14.0\COMMON7\IDE\EXTENSIONS\MICROSOFT\ARCHITECTURE TOOLS\EXTENSIBILITY\Templates\Text\EnumTemplate.t4" />
  <Message Timestamp="2017-04-07T09:46:40" Importance="Diagnostic" Text="ResolvedTemplateFilePath = C:\PROGRAM FILES (X86)\MICROSOFT VISUAL STUDIO 14.0\COMMON7\IDE\EXTENSIONS\MICROSOFT\ARCHITECTURE TOOLS\EXTENSIBILITY\Templates\Text\EnumTemplate.t4" />
  <Message Timestamp="2017-04-07T09:46:40" Importance="Medium" Text="Digital Clock's Text Template Binding: 'EnumTemplate' will apply EnumTemplate.t4 to: 'Digital Clock::Mode' -  (Enumeration) " />
  <Message Timestamp="2017-04-07T09:46:40" Importance="Medium" Text="'Digital Clock::Mode' -  (Enumeration) : success (file created) - c:\Users\Findler\documents\visual studio 2015\Projects\Clock\Digital ClockLib\GeneratedCode\Mode.cs" />
  <Message Timestamp="2017-04-07T09:46:41" Importance="High" Text="Code generation complete. Errors: 0. Warnings: 0." />
</Log>